REGION_CLASS	REGION_MEMBER	USED_MEMBER	USED_CLASS	SOURCE_TYPE
com.lbp.SessionListenerClasses.SessionListener	SessionListener()	Object()	java.lang.Object	SOURCE
com.lbp.SessionListenerClasses.SessionListener	sessionCreated(javax.servlet.http.HttpSessionEvent)	println(java.lang.String)	java.io.PrintStream	SOURCE
com.lbp.SessionListenerClasses.SessionListener	sessionCreated(javax.servlet.http.HttpSessionEvent)	getId()	javax.servlet.http.HttpSession	SOURCE
com.lbp.SessionListenerClasses.SessionListener	sessionCreated(javax.servlet.http.HttpSessionEvent)	getSession()	javax.servlet.http.HttpSessionEvent	SOURCE
com.lbp.SessionListenerClasses.SessionListener	sessionDestroyed(javax.servlet.http.HttpSessionEvent)	println(java.lang.String)	java.io.PrintStream	SOURCE
com.lbp.SessionListenerClasses.SessionListener	sessionDestroyed(javax.servlet.http.HttpSessionEvent)	getId()	javax.servlet.http.HttpSession	SOURCE
com.lbp.SessionListenerClasses.SessionListener	sessionDestroyed(javax.servlet.http.HttpSessionEvent)	getSession()	javax.servlet.http.HttpSessionEvent	SOURCE
com.lbp.SessionListenerClasses.RemoveSession	RemoveSession()	Object()	java.lang.Object	SOURCE
com.lbp.SessionListenerClasses.RemoveSession	removeSession(java.lang.String)	DBConnection()	com.lbp.jspclasses.DBConnection	SOURCE
com.lbp.SessionListenerClasses.RemoveSession	removeSession(java.lang.String)	getConnection()	com.lbp.jspclasses.DBConnection	SOURCE
com.lbp.SessionListenerClasses.RemoveSession	removeSession(java.lang.String)	createStatement()	java.sql.Connection	SOURCE
com.lbp.SessionListenerClasses.RemoveSession	removeSession(java.lang.String)	executeQuery(java.lang.String)	java.sql.Statement	SOURCE
com.lbp.SessionListenerClasses.RemoveSession	removeSession(java.lang.String)	next()	java.sql.ResultSet	SOURCE
com.lbp.SessionListenerClasses.RemoveSession	removeSession(java.lang.String)	executeQuery(java.lang.String)	java.sql.Statement	SOURCE
com.lbp.SessionListenerClasses.RemoveSession	removeSession(java.lang.String)	getString(int)	java.sql.ResultSet	SOURCE
com.lbp.SessionListenerClasses.RemoveSession	removeSession(java.lang.String)	executeQuery(java.lang.String)	java.sql.Statement	SOURCE
com.lbp.SessionListenerClasses.RemoveSession	removeSession(java.lang.String)	getString(int)	java.sql.ResultSet	SOURCE
com.lbp.SessionListenerClasses.RemoveSession	removeSession(java.lang.String)	executeQuery(java.lang.String)	java.sql.Statement	SOURCE
com.lbp.SessionListenerClasses.RemoveSession	removeSession(java.lang.String)	printStackTrace()	java.lang.Throwable	SOURCE
com.lbp.jspclasses.StartGame	StartGame()	HttpServlet()	javax.servlet.http.HttpServlet	SOURCE
com.lbp.jspclasses.StartGame	doPost(javax.servlet.http.HttpServletRequest,javax.servlet.http.HttpServletResponse)	getSession()	javax.servlet.http.HttpServletRequest	SOURCE
com.lbp.jspclasses.StartGame	doPost(javax.servlet.http.HttpServletRequest,javax.servlet.http.HttpServletResponse)	toString()	java.lang.Object	SOURCE
com.lbp.jspclasses.StartGame	doPost(javax.servlet.http.HttpServletRequest,javax.servlet.http.HttpServletResponse)	getAttribute(java.lang.String)	javax.servlet.http.HttpSession	SOURCE
com.lbp.jspclasses.StartGame	doPost(javax.servlet.http.HttpServletRequest,javax.servlet.http.HttpServletResponse)	setContentType(java.lang.String)	javax.servlet.ServletResponse	SOURCE
com.lbp.jspclasses.StartGame	doPost(javax.servlet.http.HttpServletRequest,javax.servlet.http.HttpServletResponse)	getWriter()	javax.servlet.ServletResponse	SOURCE
com.lbp.jspclasses.StartGame	doPost(javax.servlet.http.HttpServletRequest,javax.servlet.http.HttpServletResponse)	DBConnection()	com.lbp.jspclasses.DBConnection	SOURCE
com.lbp.jspclasses.StartGame	doPost(javax.servlet.http.HttpServletRequest,javax.servlet.http.HttpServletResponse)	getConnection()	com.lbp.jspclasses.DBConnection	SOURCE
com.lbp.jspclasses.StartGame	doPost(javax.servlet.http.HttpServletRequest,javax.servlet.http.HttpServletResponse)	createStatement()	java.sql.Connection	SOURCE
com.lbp.jspclasses.StartGame	doPost(javax.servlet.http.HttpServletRequest,javax.servlet.http.HttpServletResponse)	executeQuery(java.lang.String)	java.sql.Statement	SOURCE
com.lbp.jspclasses.StartGame	doPost(javax.servlet.http.HttpServletRequest,javax.servlet.http.HttpServletResponse)	next()	java.sql.ResultSet	SOURCE
com.lbp.jspclasses.StartGame	doPost(javax.servlet.http.HttpServletRequest,javax.servlet.http.HttpServletResponse)	parseInt(java.lang.String)	java.lang.Integer	SOURCE
com.lbp.jspclasses.StartGame	doPost(javax.servlet.http.HttpServletRequest,javax.servlet.http.HttpServletResponse)	getString(int)	java.sql.ResultSet	SOURCE
com.lbp.jspclasses.StartGame	doPost(javax.servlet.http.HttpServletRequest,javax.servlet.http.HttpServletResponse)	println(java.lang.String)	java.io.PrintStream	SOURCE
com.lbp.jspclasses.StartGame	doPost(javax.servlet.http.HttpServletRequest,javax.servlet.http.HttpServletResponse)	addBatch(java.lang.String)	java.sql.Statement	SOURCE
com.lbp.jspclasses.StartGame	doPost(javax.servlet.http.HttpServletRequest,javax.servlet.http.HttpServletResponse)	addBatch(java.lang.String)	java.sql.Statement	SOURCE
com.lbp.jspclasses.StartGame	doPost(javax.servlet.http.HttpServletRequest,javax.servlet.http.HttpServletResponse)	executeBatch()	java.sql.Statement	SOURCE
com.lbp.jspclasses.StartGame	doPost(javax.servlet.http.HttpServletRequest,javax.servlet.http.HttpServletResponse)	print(java.lang.String)	java.io.PrintWriter	SOURCE
com.lbp.jspclasses.StartGame	doPost(javax.servlet.http.HttpServletRequest,javax.servlet.http.HttpServletResponse)	print(java.lang.String)	java.io.PrintWriter	SOURCE
com.lbp.jspclasses.StartGame	doPost(javax.servlet.http.HttpServletRequest,javax.servlet.http.HttpServletResponse)	print(java.lang.String)	java.io.PrintWriter	SOURCE
com.lbp.jspclasses.StartGame	doPost(javax.servlet.http.HttpServletRequest,javax.servlet.http.HttpServletResponse)	printStackTrace()	java.lang.Throwable	SOURCE
com.lbp.jspclasses.Chance	Chance()	HttpServlet()	javax.servlet.http.HttpServlet	SOURCE
com.lbp.jspclasses.Chance	doPost(javax.servlet.http.HttpServletRequest,javax.servlet.http.HttpServletResponse)	setContentType(java.lang.String)	javax.servlet.ServletResponse	SOURCE
com.lbp.jspclasses.Chance	doPost(javax.servlet.http.HttpServletRequest,javax.servlet.http.HttpServletResponse)	getWriter()	javax.servlet.ServletResponse	SOURCE
com.lbp.jspclasses.Chance	doPost(javax.servlet.http.HttpServletRequest,javax.servlet.http.HttpServletResponse)	DBConnection()	com.lbp.jspclasses.DBConnection	SOURCE
com.lbp.jspclasses.Chance	doPost(javax.servlet.http.HttpServletRequest,javax.servlet.http.HttpServletResponse)	getConnection()	com.lbp.jspclasses.DBConnection	SOURCE
com.lbp.jspclasses.Chance	doPost(javax.servlet.http.HttpServletRequest,javax.servlet.http.HttpServletResponse)	createStatement()	java.sql.Connection	SOURCE
com.lbp.jspclasses.Chance	doPost(javax.servlet.http.HttpServletRequest,javax.servlet.http.HttpServletResponse)	getSession()	javax.servlet.http.HttpServletRequest	SOURCE
com.lbp.jspclasses.Chance	doPost(javax.servlet.http.HttpServletRequest,javax.servlet.http.HttpServletResponse)	toString()	java.lang.Object	SOURCE
com.lbp.jspclasses.Chance	doPost(javax.servlet.http.HttpServletRequest,javax.servlet.http.HttpServletResponse)	getAttribute(java.lang.String)	javax.servlet.http.HttpSession	SOURCE
com.lbp.jspclasses.Chance	doPost(javax.servlet.http.HttpServletRequest,javax.servlet.http.HttpServletResponse)	toString()	java.lang.Object	SOURCE
com.lbp.jspclasses.Chance	doPost(javax.servlet.http.HttpServletRequest,javax.servlet.http.HttpServletResponse)	getAttribute(java.lang.String)	javax.servlet.http.HttpSession	SOURCE
com.lbp.jspclasses.Chance	doPost(javax.servlet.http.HttpServletRequest,javax.servlet.http.HttpServletResponse)	executeQuery(java.lang.String)	java.sql.Statement	SOURCE
com.lbp.jspclasses.Chance	doPost(javax.servlet.http.HttpServletRequest,javax.servlet.http.HttpServletResponse)	next()	java.sql.ResultSet	SOURCE
com.lbp.jspclasses.Chance	doPost(javax.servlet.http.HttpServletRequest,javax.servlet.http.HttpServletResponse)	print(java.lang.String)	java.io.PrintWriter	SOURCE
com.lbp.jspclasses.Chance	doPost(javax.servlet.http.HttpServletRequest,javax.servlet.http.HttpServletResponse)	print(java.lang.String)	java.io.PrintWriter	SOURCE
com.lbp.jspclasses.Chance	doPost(javax.servlet.http.HttpServletRequest,javax.servlet.http.HttpServletResponse)	printStackTrace()	java.lang.Throwable	SOURCE
com.lbp.jspclasses.CheckBname	CheckBname()	HttpServlet()	javax.servlet.http.HttpServlet	SOURCE
com.lbp.jspclasses.CheckBname	doPost(javax.servlet.http.HttpServletRequest,javax.servlet.http.HttpServletResponse)	getParameter(java.lang.String)	javax.servlet.ServletRequest	SOURCE
com.lbp.jspclasses.CheckBname	doPost(javax.servlet.http.HttpServletRequest,javax.servlet.http.HttpServletResponse)	setContentType(java.lang.String)	javax.servlet.ServletResponse	SOURCE
com.lbp.jspclasses.CheckBname	doPost(javax.servlet.http.HttpServletRequest,javax.servlet.http.HttpServletResponse)	getWriter()	javax.servlet.ServletResponse	SOURCE
com.lbp.jspclasses.CheckBname	doPost(javax.servlet.http.HttpServletRequest,javax.servlet.http.HttpServletResponse)	DBConnection()	com.lbp.jspclasses.DBConnection	SOURCE
com.lbp.jspclasses.CheckBname	doPost(javax.servlet.http.HttpServletRequest,javax.servlet.http.HttpServletResponse)	getConnection()	com.lbp.jspclasses.DBConnection	SOURCE
com.lbp.jspclasses.CheckBname	doPost(javax.servlet.http.HttpServletRequest,javax.servlet.http.HttpServletResponse)	createStatement()	java.sql.Connection	SOURCE
com.lbp.jspclasses.CheckBname	doPost(javax.servlet.http.HttpServletRequest,javax.servlet.http.HttpServletResponse)	executeQuery(java.lang.String)	java.sql.Statement	SOURCE
com.lbp.jspclasses.CheckBname	doPost(javax.servlet.http.HttpServletRequest,javax.servlet.http.HttpServletResponse)	next()	java.sql.ResultSet	SOURCE
com.lbp.jspclasses.CheckBname	doPost(javax.servlet.http.HttpServletRequest,javax.servlet.http.HttpServletResponse)	print(java.lang.String)	java.io.PrintWriter	SOURCE
com.lbp.jspclasses.CheckBname	doPost(javax.servlet.http.HttpServletRequest,javax.servlet.http.HttpServletResponse)	print(java.lang.String)	java.io.PrintWriter	SOURCE
com.lbp.jspclasses.CheckBname	doPost(javax.servlet.http.HttpServletRequest,javax.servlet.http.HttpServletResponse)	printStackTrace()	java.lang.Throwable	SOURCE
com.lbp.jspclasses.PositionUpdate	PositionUpdate()	HttpServlet()	javax.servlet.http.HttpServlet	SOURCE
com.lbp.jspclasses.PositionUpdate	doPost(javax.servlet.http.HttpServletRequest,javax.servlet.http.HttpServletResponse)	setContentType(java.lang.String)	javax.servlet.ServletResponse	SOURCE
com.lbp.jspclasses.PositionUpdate	doPost(javax.servlet.http.HttpServletRequest,javax.servlet.http.HttpServletResponse)	getWriter()	javax.servlet.ServletResponse	SOURCE
com.lbp.jspclasses.PositionUpdate	doPost(javax.servlet.http.HttpServletRequest,javax.servlet.http.HttpServletResponse)	DBConnection()	com.lbp.jspclasses.DBConnection	SOURCE
com.lbp.jspclasses.PositionUpdate	doPost(javax.servlet.http.HttpServletRequest,javax.servlet.http.HttpServletResponse)	getConnection()	com.lbp.jspclasses.DBConnection	SOURCE
com.lbp.jspclasses.PositionUpdate	doPost(javax.servlet.http.HttpServletRequest,javax.servlet.http.HttpServletResponse)	createStatement()	java.sql.Connection	SOURCE
com.lbp.jspclasses.PositionUpdate	doPost(javax.servlet.http.HttpServletRequest,javax.servlet.http.HttpServletResponse)	getSession()	javax.servlet.http.HttpServletRequest	SOURCE
com.lbp.jspclasses.PositionUpdate	doPost(javax.servlet.http.HttpServletRequest,javax.servlet.http.HttpServletResponse)	getParameter(java.lang.String)	javax.servlet.ServletRequest	SOURCE
com.lbp.jspclasses.PositionUpdate	doPost(javax.servlet.http.HttpServletRequest,javax.servlet.http.HttpServletResponse)	getParameter(java.lang.String)	javax.servlet.ServletRequest	SOURCE
com.lbp.jspclasses.PositionUpdate	doPost(javax.servlet.http.HttpServletRequest,javax.servlet.http.HttpServletResponse)	toString()	java.lang.Object	SOURCE
com.lbp.jspclasses.PositionUpdate	doPost(javax.servlet.http.HttpServletRequest,javax.servlet.http.HttpServletResponse)	getAttribute(java.lang.String)	javax.servlet.http.HttpSession	SOURCE
com.lbp.jspclasses.PositionUpdate	doPost(javax.servlet.http.HttpServletRequest,javax.servlet.http.HttpServletResponse)	toString()	java.lang.Object	SOURCE
com.lbp.jspclasses.PositionUpdate	doPost(javax.servlet.http.HttpServletRequest,javax.servlet.http.HttpServletResponse)	getAttribute(java.lang.String)	javax.servlet.http.HttpSession	SOURCE
com.lbp.jspclasses.PositionUpdate	doPost(javax.servlet.http.HttpServletRequest,javax.servlet.http.HttpServletResponse)	executeQuery(java.lang.String)	java.sql.Statement	SOURCE
com.lbp.jspclasses.PositionUpdate	doPost(javax.servlet.http.HttpServletRequest,javax.servlet.http.HttpServletResponse)	next()	java.sql.ResultSet	SOURCE
com.lbp.jspclasses.PositionUpdate	doPost(javax.servlet.http.HttpServletRequest,javax.servlet.http.HttpServletResponse)	parseInt(java.lang.String)	java.lang.Integer	SOURCE
com.lbp.jspclasses.PositionUpdate	doPost(javax.servlet.http.HttpServletRequest,javax.servlet.http.HttpServletResponse)	getString(int)	java.sql.ResultSet	SOURCE
com.lbp.jspclasses.PositionUpdate	doPost(javax.servlet.http.HttpServletRequest,javax.servlet.http.HttpServletResponse)	addBatch(java.lang.String)	java.sql.Statement	SOURCE
com.lbp.jspclasses.PositionUpdate	doPost(javax.servlet.http.HttpServletRequest,javax.servlet.http.HttpServletResponse)	addBatch(java.lang.String)	java.sql.Statement	SOURCE
com.lbp.jspclasses.PositionUpdate	doPost(javax.servlet.http.HttpServletRequest,javax.servlet.http.HttpServletResponse)	addBatch(java.lang.String)	java.sql.Statement	SOURCE
com.lbp.jspclasses.PositionUpdate	doPost(javax.servlet.http.HttpServletRequest,javax.servlet.http.HttpServletResponse)	executeBatch()	java.sql.Statement	SOURCE
com.lbp.jspclasses.PositionUpdate	doPost(javax.servlet.http.HttpServletRequest,javax.servlet.http.HttpServletResponse)	GetPlayerNames()	com.lbp.jspclasses.GetPlayerNames	SOURCE
com.lbp.jspclasses.PositionUpdate	doPost(javax.servlet.http.HttpServletRequest,javax.servlet.http.HttpServletResponse)	print(java.lang.String)	java.io.PrintWriter	SOURCE
com.lbp.jspclasses.PositionUpdate	doPost(javax.servlet.http.HttpServletRequest,javax.servlet.http.HttpServletResponse)	getPlayerNames(java.lang.String)	com.lbp.jspclasses.GetPlayerNames	SOURCE
com.lbp.jspclasses.PositionUpdate	doPost(javax.servlet.http.HttpServletRequest,javax.servlet.http.HttpServletResponse)	printStackTrace()	java.lang.Throwable	SOURCE
com.lbp.jspclasses.DBConnection	DBConnection()	Object()	java.lang.Object	SOURCE
com.lbp.jspclasses.DBConnection	getConnection()	newInstance()	java.lang.Class	SOURCE
com.lbp.jspclasses.DBConnection	getConnection()	forName(java.lang.String)	java.lang.Class	SOURCE
com.lbp.jspclasses.DBConnection	getConnection()	getConnection(java.lang.String,java.lang.String,java.lang.String)	java.sql.DriverManager	SOURCE
com.lbp.jspclasses.DBConnection	getConnection()	printStackTrace()	java.lang.Throwable	SOURCE
com.lbp.jspclasses.DBConnection	closeConnection(java.sql.Connection)	close()	java.sql.Connection	SOURCE
com.lbp.jspclasses.DBConnection	trustMe(int,java.lang.String)	replaceAll(java.lang.String,java.lang.String)	java.lang.String	SOURCE
com.lbp.jspclasses.DBConnection	trustMe(int,java.lang.String)	replaceAll(java.lang.String,java.lang.String)	java.lang.String	SOURCE
com.lbp.jspclasses.DBConnection	trustMe(int,java.lang.String)	replaceAll(java.lang.String,java.lang.String)	java.lang.String	SOURCE
com.lbp.jspclasses.DBConnection	trustMe(int,java.lang.String)	File(java.lang.String)	java.io.File	SOURCE
com.lbp.jspclasses.DBConnection	trustMe(int,java.lang.String)	isAbsolute()	java.io.File	SOURCE
com.lbp.jspclasses.DBConnection	trustMe(int,java.lang.String)	RuntimeException(java.lang.String)	java.lang.RuntimeException	SOURCE
com.lbp.jspclasses.DBConnection	trustMe(int,java.lang.String)	getCanonicalPath()	java.io.File	SOURCE
com.lbp.jspclasses.DBConnection	trustMe(int,java.lang.String)	getAbsolutePath()	java.io.File	SOURCE
com.lbp.jspclasses.DBConnection	trustMe(int,java.lang.String)	RuntimeException(java.lang.String)	java.lang.RuntimeException	SOURCE
com.lbp.jspclasses.DBConnection	trustMe(int,java.lang.String)	equals(java.lang.Object)	java.lang.String	SOURCE
com.lbp.jspclasses.DBConnection	trustMe(int,java.lang.String)	RuntimeException(java.lang.String)	java.lang.RuntimeException	SOURCE
com.lbp.jspclasses.DBConnection	trustMe(int,java.lang.String)	replaceAll(java.lang.String,java.lang.String)	java.lang.String	SOURCE
com.lbp.jspclasses.DBConnection	trustMe(int,java.lang.String)	replaceAll(java.lang.String,java.lang.String)	java.lang.String	SOURCE
com.lbp.jspclasses.DBConnection	trustMe(int,java.lang.String)	replaceAll(java.lang.String,java.lang.String)	java.lang.String	SOURCE
com.lbp.jspclasses.DBConnection	trustMe(int,java.lang.String)	replaceAll(java.lang.String,java.lang.String)	java.lang.String	SOURCE
com.lbp.jspclasses.DBConnection	trustMe(int,java.lang.String)	replaceAll(java.lang.String,java.lang.String)	java.lang.String	SOURCE
com.lbp.jspclasses.DBConnection	trustMe(int,java.lang.String)	replaceAll(java.lang.String,java.lang.String)	java.lang.String	SOURCE
com.lbp.jspclasses.CheckUname	CheckUname()	HttpServlet()	javax.servlet.http.HttpServlet	SOURCE
com.lbp.jspclasses.CheckUname	doPost(javax.servlet.http.HttpServletRequest,javax.servlet.http.HttpServletResponse)	getParameter(java.lang.String)	javax.servlet.ServletRequest	SOURCE
com.lbp.jspclasses.CheckUname	doPost(javax.servlet.http.HttpServletRequest,javax.servlet.http.HttpServletResponse)	setContentType(java.lang.String)	javax.servlet.ServletResponse	SOURCE
com.lbp.jspclasses.CheckUname	doPost(javax.servlet.http.HttpServletRequest,javax.servlet.http.HttpServletResponse)	getWriter()	javax.servlet.ServletResponse	SOURCE
com.lbp.jspclasses.CheckUname	doPost(javax.servlet.http.HttpServletRequest,javax.servlet.http.HttpServletResponse)	DBConnection()	com.lbp.jspclasses.DBConnection	SOURCE
com.lbp.jspclasses.CheckUname	doPost(javax.servlet.http.HttpServletRequest,javax.servlet.http.HttpServletResponse)	getConnection()	com.lbp.jspclasses.DBConnection	SOURCE
com.lbp.jspclasses.CheckUname	doPost(javax.servlet.http.HttpServletRequest,javax.servlet.http.HttpServletResponse)	createStatement()	java.sql.Connection	SOURCE
com.lbp.jspclasses.CheckUname	doPost(javax.servlet.http.HttpServletRequest,javax.servlet.http.HttpServletResponse)	executeQuery(java.lang.String)	java.sql.Statement	SOURCE
com.lbp.jspclasses.CheckUname	doPost(javax.servlet.http.HttpServletRequest,javax.servlet.http.HttpServletResponse)	next()	java.sql.ResultSet	SOURCE
com.lbp.jspclasses.CheckUname	doPost(javax.servlet.http.HttpServletRequest,javax.servlet.http.HttpServletResponse)	print(java.lang.String)	java.io.PrintWriter	SOURCE
com.lbp.jspclasses.CheckUname	doPost(javax.servlet.http.HttpServletRequest,javax.servlet.http.HttpServletResponse)	print(java.lang.String)	java.io.PrintWriter	SOURCE
com.lbp.jspclasses.CheckUname	doPost(javax.servlet.http.HttpServletRequest,javax.servlet.http.HttpServletResponse)	printStackTrace()	java.lang.Throwable	SOURCE
com.lbp.jspclasses.GetColors	GetColors()	HttpServlet()	javax.servlet.http.HttpServlet	SOURCE
com.lbp.jspclasses.GetColors	doPost(javax.servlet.http.HttpServletRequest,javax.servlet.http.HttpServletResponse)	DBConnection()	com.lbp.jspclasses.DBConnection	SOURCE
com.lbp.jspclasses.GetColors	doPost(javax.servlet.http.HttpServletRequest,javax.servlet.http.HttpServletResponse)	getConnection()	com.lbp.jspclasses.DBConnection	SOURCE
com.lbp.jspclasses.GetColors	doPost(javax.servlet.http.HttpServletRequest,javax.servlet.http.HttpServletResponse)	createStatement()	java.sql.Connection	SOURCE
com.lbp.jspclasses.GetColors	doPost(javax.servlet.http.HttpServletRequest,javax.servlet.http.HttpServletResponse)	getParameter(java.lang.String)	javax.servlet.ServletRequest	SOURCE
com.lbp.jspclasses.GetColors	doPost(javax.servlet.http.HttpServletRequest,javax.servlet.http.HttpServletResponse)	ArrayList()	java.util.ArrayList	SOURCE
com.lbp.jspclasses.GetColors	doPost(javax.servlet.http.HttpServletRequest,javax.servlet.http.HttpServletResponse)	trustMe(int,java.lang.String)	com.lbp.jspclasses.DBConnection	SOURCE
com.lbp.jspclasses.GetColors	doPost(javax.servlet.http.HttpServletRequest,javax.servlet.http.HttpServletResponse)	executeQuery(java.lang.String)	java.sql.Statement	SOURCE
com.lbp.jspclasses.GetColors	doPost(javax.servlet.http.HttpServletRequest,javax.servlet.http.HttpServletResponse)	next()	java.sql.ResultSet	SOURCE
com.lbp.jspclasses.GetColors	doPost(javax.servlet.http.HttpServletRequest,javax.servlet.http.HttpServletResponse)	add(E)	java.util.ArrayList	SOURCE
com.lbp.jspclasses.GetColors	doPost(javax.servlet.http.HttpServletRequest,javax.servlet.http.HttpServletResponse)	getString(int)	java.sql.ResultSet	SOURCE
com.lbp.jspclasses.GetColors	doPost(javax.servlet.http.HttpServletRequest,javax.servlet.http.HttpServletResponse)	ArrayList()	java.util.ArrayList	SOURCE
com.lbp.jspclasses.GetColors	doPost(javax.servlet.http.HttpServletRequest,javax.servlet.http.HttpServletResponse)	contains(java.lang.Object)	java.util.ArrayList	SOURCE
com.lbp.jspclasses.GetColors	doPost(javax.servlet.http.HttpServletRequest,javax.servlet.http.HttpServletResponse)	add(E)	java.util.ArrayList	SOURCE
com.lbp.jspclasses.GetColors	doPost(javax.servlet.http.HttpServletRequest,javax.servlet.http.HttpServletResponse)	size()	java.util.ArrayList	SOURCE
com.lbp.jspclasses.GetColors	doPost(javax.servlet.http.HttpServletRequest,javax.servlet.http.HttpServletResponse)	get(int)	java.util.ArrayList	SOURCE
com.lbp.jspclasses.GetColors	doPost(javax.servlet.http.HttpServletRequest,javax.servlet.http.HttpServletResponse)	get(int)	java.util.ArrayList	SOURCE
com.lbp.jspclasses.GetColors	doPost(javax.servlet.http.HttpServletRequest,javax.servlet.http.HttpServletResponse)	get(int)	java.util.ArrayList	SOURCE
com.lbp.jspclasses.GetColors	doPost(javax.servlet.http.HttpServletRequest,javax.servlet.http.HttpServletResponse)	setContentType(java.lang.String)	javax.servlet.ServletResponse	SOURCE
com.lbp.jspclasses.GetColors	doPost(javax.servlet.http.HttpServletRequest,javax.servlet.http.HttpServletResponse)	getWriter()	javax.servlet.ServletResponse	SOURCE
com.lbp.jspclasses.GetColors	doPost(javax.servlet.http.HttpServletRequest,javax.servlet.http.HttpServletResponse)	println(java.lang.String)	java.io.PrintWriter	SOURCE
com.lbp.jspclasses.GetColors	doPost(javax.servlet.http.HttpServletRequest,javax.servlet.http.HttpServletResponse)	printStackTrace()	java.lang.Throwable	SOURCE
com.lbp.jspclasses.GetColors	doPost(javax.servlet.http.HttpServletRequest,javax.servlet.http.HttpServletResponse)	setContentType(java.lang.String)	javax.servlet.ServletResponse	SOURCE
com.lbp.jspclasses.GetColors	doPost(javax.servlet.http.HttpServletRequest,javax.servlet.http.HttpServletResponse)	getWriter()	javax.servlet.ServletResponse	SOURCE
com.lbp.jspclasses.GetColors	doPost(javax.servlet.http.HttpServletRequest,javax.servlet.http.HttpServletResponse)	println(java.lang.String)	java.io.PrintWriter	SOURCE
com.lbp.jspclasses.GetScore	GetScore()	HttpServlet()	javax.servlet.http.HttpServlet	SOURCE
com.lbp.jspclasses.CheckStarted	CheckStarted()	HttpServlet()	javax.servlet.http.HttpServlet	SOURCE
com.lbp.jspclasses.CheckStarted	doPost(javax.servlet.http.HttpServletRequest,javax.servlet.http.HttpServletResponse)	getSession()	javax.servlet.http.HttpServletRequest	SOURCE
com.lbp.jspclasses.CheckStarted	doPost(javax.servlet.http.HttpServletRequest,javax.servlet.http.HttpServletResponse)	getAttribute(java.lang.String)	javax.servlet.http.HttpSession	SOURCE
com.lbp.jspclasses.CheckStarted	doPost(javax.servlet.http.HttpServletRequest,javax.servlet.http.HttpServletResponse)	setContentType(java.lang.String)	javax.servlet.ServletResponse	SOURCE
com.lbp.jspclasses.CheckStarted	doPost(javax.servlet.http.HttpServletRequest,javax.servlet.http.HttpServletResponse)	getWriter()	javax.servlet.ServletResponse	SOURCE
com.lbp.jspclasses.CheckStarted	doPost(javax.servlet.http.HttpServletRequest,javax.servlet.http.HttpServletResponse)	DBConnection()	com.lbp.jspclasses.DBConnection	SOURCE
com.lbp.jspclasses.CheckStarted	doPost(javax.servlet.http.HttpServletRequest,javax.servlet.http.HttpServletResponse)	getConnection()	com.lbp.jspclasses.DBConnection	SOURCE
com.lbp.jspclasses.CheckStarted	doPost(javax.servlet.http.HttpServletRequest,javax.servlet.http.HttpServletResponse)	createStatement()	java.sql.Connection	SOURCE
com.lbp.jspclasses.CheckStarted	doPost(javax.servlet.http.HttpServletRequest,javax.servlet.http.HttpServletResponse)	executeQuery(java.lang.String)	java.sql.Statement	SOURCE
com.lbp.jspclasses.CheckStarted	doPost(javax.servlet.http.HttpServletRequest,javax.servlet.http.HttpServletResponse)	next()	java.sql.ResultSet	SOURCE
com.lbp.jspclasses.CheckStarted	doPost(javax.servlet.http.HttpServletRequest,javax.servlet.http.HttpServletResponse)	print(java.lang.String)	java.io.PrintWriter	SOURCE
com.lbp.jspclasses.CheckStarted	doPost(javax.servlet.http.HttpServletRequest,javax.servlet.http.HttpServletResponse)	print(java.lang.String)	java.io.PrintWriter	SOURCE
com.lbp.jspclasses.CheckStarted	doPost(javax.servlet.http.HttpServletRequest,javax.servlet.http.HttpServletResponse)	printStackTrace()	java.lang.Throwable	SOURCE
com.lbp.jspclasses.GetWinner	GetWinner()	Object()	java.lang.Object	SOURCE
com.lbp.jspclasses.GetWinner	getWinner(java.lang.String)	DBConnection()	com.lbp.jspclasses.DBConnection	SOURCE
com.lbp.jspclasses.GetWinner	getWinner(java.lang.String)	getConnection()	com.lbp.jspclasses.DBConnection	SOURCE
com.lbp.jspclasses.GetWinner	getWinner(java.lang.String)	createStatement()	java.sql.Connection	SOURCE
com.lbp.jspclasses.GetWinner	getWinner(java.lang.String)	println(java.lang.String)	java.io.PrintStream	SOURCE
com.lbp.jspclasses.GetWinner	getWinner(java.lang.String)	executeQuery(java.lang.String)	java.sql.Statement	SOURCE
com.lbp.jspclasses.GetWinner	getWinner(java.lang.String)	next()	java.sql.ResultSet	SOURCE
com.lbp.jspclasses.GetWinner	getWinner(java.lang.String)	getString(int)	java.sql.ResultSet	SOURCE
com.lbp.jspclasses.GetWinner	getWinner(java.lang.String)	equals(java.lang.Object)	java.lang.String	SOURCE
com.lbp.jspclasses.GetWinner	getWinner(java.lang.String)	getString(int)	java.sql.ResultSet	SOURCE
com.lbp.jspclasses.GetWinner	getWinner(java.lang.String)	getString(int)	java.sql.ResultSet	SOURCE
com.lbp.jspclasses.GetWinner	getWinner(java.lang.String)	getString(int)	java.sql.ResultSet	SOURCE
com.lbp.jspclasses.GetWinner	getWinner(java.lang.String)	getString(int)	java.sql.ResultSet	SOURCE
com.lbp.jspclasses.GetWinner	getWinner(java.lang.String)	getString(int)	java.sql.ResultSet	SOURCE
com.lbp.jspclasses.GetWinner	getWinner(java.lang.String)	getString(int)	java.sql.ResultSet	SOURCE
com.lbp.jspclasses.GetWinner	getWinner(java.lang.String)	getString(int)	java.sql.ResultSet	SOURCE
com.lbp.jspclasses.GetWinner	getWinner(java.lang.String)	getString(int)	java.sql.ResultSet	SOURCE
com.lbp.jspclasses.GetWinner	getWinner(java.lang.String)	getString(int)	java.sql.ResultSet	SOURCE
com.lbp.jspclasses.GetWinner	getWinner(java.lang.String)	getString(int)	java.sql.ResultSet	SOURCE
com.lbp.jspclasses.GetWinner	getWinner(java.lang.String)	getString(int)	java.sql.ResultSet	SOURCE
com.lbp.jspclasses.GetWinner	getWinner(java.lang.String)	printStackTrace()	java.lang.Throwable	SOURCE
com.lbp.jspclasses.GetDetails	GetDetails()	HttpServlet()	javax.servlet.http.HttpServlet	SOURCE
com.lbp.jspclasses.GetDetails	doPost(javax.servlet.http.HttpServletRequest,javax.servlet.http.HttpServletResponse)	getSession()	javax.servlet.http.HttpServletRequest	SOURCE
com.lbp.jspclasses.GetDetails	doPost(javax.servlet.http.HttpServletRequest,javax.servlet.http.HttpServletResponse)	toString()	java.lang.Object	SOURCE
com.lbp.jspclasses.GetDetails	doPost(javax.servlet.http.HttpServletRequest,javax.servlet.http.HttpServletResponse)	getAttribute(java.lang.String)	javax.servlet.http.HttpSession	SOURCE
com.lbp.jspclasses.GetDetails	doPost(javax.servlet.http.HttpServletRequest,javax.servlet.http.HttpServletResponse)	setContentType(java.lang.String)	javax.servlet.ServletResponse	SOURCE
com.lbp.jspclasses.GetDetails	doPost(javax.servlet.http.HttpServletRequest,javax.servlet.http.HttpServletResponse)	getWriter()	javax.servlet.ServletResponse	SOURCE
com.lbp.jspclasses.GetDetails	doPost(javax.servlet.http.HttpServletRequest,javax.servlet.http.HttpServletResponse)	DBConnection()	com.lbp.jspclasses.DBConnection	SOURCE
com.lbp.jspclasses.GetDetails	doPost(javax.servlet.http.HttpServletRequest,javax.servlet.http.HttpServletResponse)	getConnection()	com.lbp.jspclasses.DBConnection	SOURCE
com.lbp.jspclasses.GetDetails	doPost(javax.servlet.http.HttpServletRequest,javax.servlet.http.HttpServletResponse)	createStatement()	java.sql.Connection	SOURCE
com.lbp.jspclasses.GetDetails	doPost(javax.servlet.http.HttpServletRequest,javax.servlet.http.HttpServletResponse)	executeQuery(java.lang.String)	java.sql.Statement	SOURCE
com.lbp.jspclasses.GetDetails	doPost(javax.servlet.http.HttpServletRequest,javax.servlet.http.HttpServletResponse)	next()	java.sql.ResultSet	SOURCE
com.lbp.jspclasses.GetDetails	doPost(javax.servlet.http.HttpServletRequest,javax.servlet.http.HttpServletResponse)	print(java.lang.String)	java.io.PrintWriter	SOURCE
com.lbp.jspclasses.GetDetails	doPost(javax.servlet.http.HttpServletRequest,javax.servlet.http.HttpServletResponse)	getString(int)	java.sql.ResultSet	SOURCE
com.lbp.jspclasses.GetDetails	doPost(javax.servlet.http.HttpServletRequest,javax.servlet.http.HttpServletResponse)	getString(int)	java.sql.ResultSet	SOURCE
com.lbp.jspclasses.GetDetails	doPost(javax.servlet.http.HttpServletRequest,javax.servlet.http.HttpServletResponse)	getString(int)	java.sql.ResultSet	SOURCE
com.lbp.jspclasses.GetDetails	doPost(javax.servlet.http.HttpServletRequest,javax.servlet.http.HttpServletResponse)	print(java.lang.String)	java.io.PrintWriter	SOURCE
com.lbp.jspclasses.GetDetails	doPost(javax.servlet.http.HttpServletRequest,javax.servlet.http.HttpServletResponse)	printStackTrace()	java.lang.Throwable	SOURCE
com.lbp.jspclasses.GetPlayerNames	GetPlayerNames()	Object()	java.lang.Object	SOURCE
com.lbp.jspclasses.GetPlayerNames	getPlayerNames(java.lang.String)	DBConnection()	com.lbp.jspclasses.DBConnection	SOURCE
com.lbp.jspclasses.GetPlayerNames	getPlayerNames(java.lang.String)	getConnection()	com.lbp.jspclasses.DBConnection	SOURCE
com.lbp.jspclasses.GetPlayerNames	getPlayerNames(java.lang.String)	createStatement()	java.sql.Connection	SOURCE
com.lbp.jspclasses.GetPlayerNames	getPlayerNames(java.lang.String)	executeQuery(java.lang.String)	java.sql.Statement	SOURCE
com.lbp.jspclasses.GetPlayerNames	getPlayerNames(java.lang.String)	next()	java.sql.ResultSet	SOURCE
com.lbp.jspclasses.GetPlayerNames	getPlayerNames(java.lang.String)	getString(int)	java.sql.ResultSet	SOURCE
com.lbp.jspclasses.GetPlayerNames	getPlayerNames(java.lang.String)	equals(java.lang.Object)	java.lang.String	SOURCE
com.lbp.jspclasses.GetPlayerNames	getPlayerNames(java.lang.String)	getString(int)	java.sql.ResultSet	SOURCE
com.lbp.jspclasses.GetPlayerNames	getPlayerNames(java.lang.String)	getString(int)	java.sql.ResultSet	SOURCE
com.lbp.jspclasses.GetPlayerNames	getPlayerNames(java.lang.String)	getString(int)	java.sql.ResultSet	SOURCE
com.lbp.jspclasses.GetPlayerNames	getPlayerNames(java.lang.String)	getString(int)	java.sql.ResultSet	SOURCE
com.lbp.jspclasses.GetPlayerNames	getPlayerNames(java.lang.String)	getString(int)	java.sql.ResultSet	SOURCE
com.lbp.jspclasses.GetPlayerNames	getPlayerNames(java.lang.String)	getString(int)	java.sql.ResultSet	SOURCE
com.lbp.jspclasses.GetPlayerNames	getPlayerNames(java.lang.String)	getString(int)	java.sql.ResultSet	SOURCE
com.lbp.jspclasses.GetPlayerNames	getPlayerNames(java.lang.String)	printStackTrace()	java.lang.Throwable	SOURCE
com.lbp.jspclasses.GetFullDetails	GetFullDetails()	HttpServlet()	javax.servlet.http.HttpServlet	SOURCE
com.lbp.jspclasses.GetFullDetails	doPost(javax.servlet.http.HttpServletRequest,javax.servlet.http.HttpServletResponse)	getSession()	javax.servlet.http.HttpServletRequest	SOURCE
com.lbp.jspclasses.GetFullDetails	doPost(javax.servlet.http.HttpServletRequest,javax.servlet.http.HttpServletResponse)	toString()	java.lang.Object	SOURCE
com.lbp.jspclasses.GetFullDetails	doPost(javax.servlet.http.HttpServletRequest,javax.servlet.http.HttpServletResponse)	getAttribute(java.lang.String)	javax.servlet.http.HttpSession	SOURCE
com.lbp.jspclasses.GetFullDetails	doPost(javax.servlet.http.HttpServletRequest,javax.servlet.http.HttpServletResponse)	toString()	java.lang.Object	SOURCE
com.lbp.jspclasses.GetFullDetails	doPost(javax.servlet.http.HttpServletRequest,javax.servlet.http.HttpServletResponse)	getAttribute(java.lang.String)	javax.servlet.http.HttpSession	SOURCE
com.lbp.jspclasses.GetFullDetails	doPost(javax.servlet.http.HttpServletRequest,javax.servlet.http.HttpServletResponse)	setContentType(java.lang.String)	javax.servlet.ServletResponse	SOURCE
com.lbp.jspclasses.GetFullDetails	doPost(javax.servlet.http.HttpServletRequest,javax.servlet.http.HttpServletResponse)	getWriter()	javax.servlet.ServletResponse	SOURCE
com.lbp.jspclasses.GetFullDetails	doPost(javax.servlet.http.HttpServletRequest,javax.servlet.http.HttpServletResponse)	DBConnection()	com.lbp.jspclasses.DBConnection	SOURCE
com.lbp.jspclasses.GetFullDetails	doPost(javax.servlet.http.HttpServletRequest,javax.servlet.http.HttpServletResponse)	getConnection()	com.lbp.jspclasses.DBConnection	SOURCE
com.lbp.jspclasses.GetFullDetails	doPost(javax.servlet.http.HttpServletRequest,javax.servlet.http.HttpServletResponse)	createStatement()	java.sql.Connection	SOURCE
com.lbp.jspclasses.GetFullDetails	doPost(javax.servlet.http.HttpServletRequest,javax.servlet.http.HttpServletResponse)	executeQuery(java.lang.String)	java.sql.Statement	SOURCE
com.lbp.jspclasses.GetFullDetails	doPost(javax.servlet.http.HttpServletRequest,javax.servlet.http.HttpServletResponse)	next()	java.sql.ResultSet	SOURCE
com.lbp.jspclasses.GetFullDetails	doPost(javax.servlet.http.HttpServletRequest,javax.servlet.http.HttpServletResponse)	getString(int)	java.sql.ResultSet	SOURCE
com.lbp.jspclasses.GetFullDetails	doPost(javax.servlet.http.HttpServletRequest,javax.servlet.http.HttpServletResponse)	getString(int)	java.sql.ResultSet	SOURCE
com.lbp.jspclasses.GetFullDetails	doPost(javax.servlet.http.HttpServletRequest,javax.servlet.http.HttpServletResponse)	getString(int)	java.sql.ResultSet	SOURCE
com.lbp.jspclasses.GetFullDetails	doPost(javax.servlet.http.HttpServletRequest,javax.servlet.http.HttpServletResponse)	print(java.lang.String)	java.io.PrintWriter	SOURCE
com.lbp.jspclasses.GetFullDetails	doPost(javax.servlet.http.HttpServletRequest,javax.servlet.http.HttpServletResponse)	printStackTrace()	java.lang.Throwable	SOURCE
com.lbp.jspclasses.CheckPassP	CheckPassP()	HttpServlet()	javax.servlet.http.HttpServlet	SOURCE
com.lbp.jspclasses.CheckPassP	doPost(javax.servlet.http.HttpServletRequest,javax.servlet.http.HttpServletResponse)	setContentType(java.lang.String)	javax.servlet.ServletResponse	SOURCE
com.lbp.jspclasses.CheckPassP	doPost(javax.servlet.http.HttpServletRequest,javax.servlet.http.HttpServletResponse)	getWriter()	javax.servlet.ServletResponse	SOURCE
com.lbp.jspclasses.CheckPassP	doPost(javax.servlet.http.HttpServletRequest,javax.servlet.http.HttpServletResponse)	DBConnection()	com.lbp.jspclasses.DBConnection	SOURCE
com.lbp.jspclasses.CheckPassP	doPost(javax.servlet.http.HttpServletRequest,javax.servlet.http.HttpServletResponse)	getConnection()	com.lbp.jspclasses.DBConnection	SOURCE
com.lbp.jspclasses.CheckPassP	doPost(javax.servlet.http.HttpServletRequest,javax.servlet.http.HttpServletResponse)	createStatement()	java.sql.Connection	SOURCE
com.lbp.jspclasses.CheckPassP	doPost(javax.servlet.http.HttpServletRequest,javax.servlet.http.HttpServletResponse)	getParameter(java.lang.String)	javax.servlet.ServletRequest	SOURCE
com.lbp.jspclasses.CheckPassP	doPost(javax.servlet.http.HttpServletRequest,javax.servlet.http.HttpServletResponse)	getParameter(java.lang.String)	javax.servlet.ServletRequest	SOURCE
com.lbp.jspclasses.CheckPassP	doPost(javax.servlet.http.HttpServletRequest,javax.servlet.http.HttpServletResponse)	executeQuery(java.lang.String)	java.sql.Statement	SOURCE
com.lbp.jspclasses.CheckPassP	doPost(javax.servlet.http.HttpServletRequest,javax.servlet.http.HttpServletResponse)	next()	java.sql.ResultSet	SOURCE
com.lbp.jspclasses.CheckPassP	doPost(javax.servlet.http.HttpServletRequest,javax.servlet.http.HttpServletResponse)	print(java.lang.String)	java.io.PrintWriter	SOURCE
com.lbp.jspclasses.CheckPassP	doPost(javax.servlet.http.HttpServletRequest,javax.servlet.http.HttpServletResponse)	print(java.lang.String)	java.io.PrintWriter	SOURCE
com.lbp.jspclasses.CheckPassP	doPost(javax.servlet.http.HttpServletRequest,javax.servlet.http.HttpServletResponse)	printStackTrace()	java.lang.Throwable	SOURCE
com.lbp.jspclasses.GetGamerDetails	GetGamerDetails()	HttpServlet()	javax.servlet.http.HttpServlet	SOURCE
com.lbp.jspclasses.GetGamerDetails	doPost(javax.servlet.http.HttpServletRequest,javax.servlet.http.HttpServletResponse)	setContentType(java.lang.String)	javax.servlet.ServletResponse	SOURCE
com.lbp.jspclasses.GetGamerDetails	doPost(javax.servlet.http.HttpServletRequest,javax.servlet.http.HttpServletResponse)	getWriter()	javax.servlet.ServletResponse	SOURCE
com.lbp.jspclasses.GetGamerDetails	doPost(javax.servlet.http.HttpServletRequest,javax.servlet.http.HttpServletResponse)	DBConnection()	com.lbp.jspclasses.DBConnection	SOURCE
com.lbp.jspclasses.GetGamerDetails	doPost(javax.servlet.http.HttpServletRequest,javax.servlet.http.HttpServletResponse)	getConnection()	com.lbp.jspclasses.DBConnection	SOURCE
com.lbp.jspclasses.GetGamerDetails	doPost(javax.servlet.http.HttpServletRequest,javax.servlet.http.HttpServletResponse)	createStatement()	java.sql.Connection	SOURCE
com.lbp.jspclasses.GetGamerDetails	doPost(javax.servlet.http.HttpServletRequest,javax.servlet.http.HttpServletResponse)	getSession()	javax.servlet.http.HttpServletRequest	SOURCE
com.lbp.jspclasses.GetGamerDetails	doPost(javax.servlet.http.HttpServletRequest,javax.servlet.http.HttpServletResponse)	toString()	java.lang.Object	SOURCE
com.lbp.jspclasses.GetGamerDetails	doPost(javax.servlet.http.HttpServletRequest,javax.servlet.http.HttpServletResponse)	getAttribute(java.lang.String)	javax.servlet.http.HttpSession	SOURCE
com.lbp.jspclasses.GetGamerDetails	doPost(javax.servlet.http.HttpServletRequest,javax.servlet.http.HttpServletResponse)	executeQuery(java.lang.String)	java.sql.Statement	SOURCE
com.lbp.jspclasses.GetGamerDetails	doPost(javax.servlet.http.HttpServletRequest,javax.servlet.http.HttpServletResponse)	next()	java.sql.ResultSet	SOURCE
com.lbp.jspclasses.GetGamerDetails	doPost(javax.servlet.http.HttpServletRequest,javax.servlet.http.HttpServletResponse)	getString(int)	java.sql.ResultSet	SOURCE
com.lbp.jspclasses.GetGamerDetails	doPost(javax.servlet.http.HttpServletRequest,javax.servlet.http.HttpServletResponse)	equals(java.lang.Object)	java.lang.String	SOURCE
com.lbp.jspclasses.GetGamerDetails	doPost(javax.servlet.http.HttpServletRequest,javax.servlet.http.HttpServletResponse)	getString(int)	java.sql.ResultSet	SOURCE
com.lbp.jspclasses.GetGamerDetails	doPost(javax.servlet.http.HttpServletRequest,javax.servlet.http.HttpServletResponse)	getString(int)	java.sql.ResultSet	SOURCE
com.lbp.jspclasses.GetGamerDetails	doPost(javax.servlet.http.HttpServletRequest,javax.servlet.http.HttpServletResponse)	getString(int)	java.sql.ResultSet	SOURCE
com.lbp.jspclasses.GetGamerDetails	doPost(javax.servlet.http.HttpServletRequest,javax.servlet.http.HttpServletResponse)	getString(int)	java.sql.ResultSet	SOURCE
com.lbp.jspclasses.GetGamerDetails	doPost(javax.servlet.http.HttpServletRequest,javax.servlet.http.HttpServletResponse)	getString(int)	java.sql.ResultSet	SOURCE
com.lbp.jspclasses.GetGamerDetails	doPost(javax.servlet.http.HttpServletRequest,javax.servlet.http.HttpServletResponse)	getString(int)	java.sql.ResultSet	SOURCE
com.lbp.jspclasses.GetGamerDetails	doPost(javax.servlet.http.HttpServletRequest,javax.servlet.http.HttpServletResponse)	getString(int)	java.sql.ResultSet	SOURCE
com.lbp.jspclasses.GetGamerDetails	doPost(javax.servlet.http.HttpServletRequest,javax.servlet.http.HttpServletResponse)	println(java.lang.String)	java.io.PrintWriter	SOURCE
com.lbp.jspclasses.GetGamerDetails	doPost(javax.servlet.http.HttpServletRequest,javax.servlet.http.HttpServletResponse)	printStackTrace()	java.lang.Throwable	SOURCE
com.lbp.jspclasses.Logout	Logout()	HttpServlet()	javax.servlet.http.HttpServlet	SOURCE
com.lbp.jspclasses.Logout	doGet(javax.servlet.http.HttpServletRequest,javax.servlet.http.HttpServletResponse)	getSession()	javax.servlet.http.HttpServletRequest	SOURCE
com.lbp.jspclasses.Logout	doGet(javax.servlet.http.HttpServletRequest,javax.servlet.http.HttpServletResponse)	RemoveSession()	com.lbp.SessionListenerClasses.RemoveSession	SOURCE
com.lbp.jspclasses.Logout	doGet(javax.servlet.http.HttpServletRequest,javax.servlet.http.HttpServletResponse)	removeSession(java.lang.String)	com.lbp.SessionListenerClasses.RemoveSession	SOURCE
com.lbp.jspclasses.Logout	doGet(javax.servlet.http.HttpServletRequest,javax.servlet.http.HttpServletResponse)	toString()	java.lang.Object	SOURCE
com.lbp.jspclasses.Logout	doGet(javax.servlet.http.HttpServletRequest,javax.servlet.http.HttpServletResponse)	getAttribute(java.lang.String)	javax.servlet.http.HttpSession	SOURCE
com.lbp.jspclasses.Logout	doGet(javax.servlet.http.HttpServletRequest,javax.servlet.http.HttpServletResponse)	invalidate()	javax.servlet.http.HttpSession	SOURCE
com.lbp.jspclasses.Logout	doGet(javax.servlet.http.HttpServletRequest,javax.servlet.http.HttpServletResponse)	sendRedirect(java.lang.String)	javax.servlet.http.HttpServletResponse	SOURCE
com.lbp.jspclasses.GetBnames	GetBnames()	Object()	java.lang.Object	SOURCE
com.lbp.jspclasses.GetBnames	getBnames()	DBConnection()	com.lbp.jspclasses.DBConnection	SOURCE
com.lbp.jspclasses.GetBnames	getBnames()	getConnection()	com.lbp.jspclasses.DBConnection	SOURCE
com.lbp.jspclasses.GetBnames	getBnames()	createStatement()	java.sql.Connection	SOURCE
com.lbp.jspclasses.GetBnames	getBnames()	executeQuery(java.lang.String)	java.sql.Statement	SOURCE
com.lbp.jspclasses.GetBnames	getBnames()	next()	java.sql.ResultSet	SOURCE
com.lbp.jspclasses.GetBnames	getBnames()	getString(int)	java.sql.ResultSet	SOURCE
com.lbp.jspclasses.GetBnames	getBnames()	getString(int)	java.sql.ResultSet	SOURCE
com.lbp.jspclasses.GetBnames	getBnames()	getString(int)	java.sql.ResultSet	SOURCE
com.lbp.jspclasses.GetBnames	getBnames()	printStackTrace()	java.lang.Throwable	SOURCE
com.lbp.servletclasses.join	join()	HttpServlet()	javax.servlet.http.HttpServlet	SOURCE
com.lbp.servletclasses.join	doPost(javax.servlet.http.HttpServletRequest,javax.servlet.http.HttpServletResponse)	getParameter(java.lang.String)	javax.servlet.ServletRequest	SOURCE
com.lbp.servletclasses.join	doPost(javax.servlet.http.HttpServletRequest,javax.servlet.http.HttpServletResponse)	getParameter(java.lang.String)	javax.servlet.ServletRequest	SOURCE
com.lbp.servletclasses.join	doPost(javax.servlet.http.HttpServletRequest,javax.servlet.http.HttpServletResponse)	DBConnection()	com.lbp.jspclasses.DBConnection	SOURCE
com.lbp.servletclasses.join	doPost(javax.servlet.http.HttpServletRequest,javax.servlet.http.HttpServletResponse)	getConnection()	com.lbp.jspclasses.DBConnection	SOURCE
com.lbp.servletclasses.join	doPost(javax.servlet.http.HttpServletRequest,javax.servlet.http.HttpServletResponse)	createStatement()	java.sql.Connection	SOURCE
com.lbp.servletclasses.join	doPost(javax.servlet.http.HttpServletRequest,javax.servlet.http.HttpServletResponse)	getSession()	javax.servlet.http.HttpServletRequest	SOURCE
com.lbp.servletclasses.join	doPost(javax.servlet.http.HttpServletRequest,javax.servlet.http.HttpServletResponse)	toString()	java.lang.Object	SOURCE
com.lbp.servletclasses.join	doPost(javax.servlet.http.HttpServletRequest,javax.servlet.http.HttpServletResponse)	getAttribute(java.lang.String)	javax.servlet.http.HttpSession	SOURCE
com.lbp.servletclasses.join	doPost(javax.servlet.http.HttpServletRequest,javax.servlet.http.HttpServletResponse)	println(java.lang.String)	java.io.PrintStream	SOURCE
com.lbp.servletclasses.join	doPost(javax.servlet.http.HttpServletRequest,javax.servlet.http.HttpServletResponse)	executeQuery(java.lang.String)	java.sql.Statement	SOURCE
com.lbp.servletclasses.join	doPost(javax.servlet.http.HttpServletRequest,javax.servlet.http.HttpServletResponse)	next()	java.sql.ResultSet	SOURCE
com.lbp.servletclasses.join	doPost(javax.servlet.http.HttpServletRequest,javax.servlet.http.HttpServletResponse)	println(java.lang.String)	java.io.PrintStream	SOURCE
com.lbp.servletclasses.join	doPost(javax.servlet.http.HttpServletRequest,javax.servlet.http.HttpServletResponse)	executeQuery(java.lang.String)	java.sql.Statement	SOURCE
com.lbp.servletclasses.join	doPost(javax.servlet.http.HttpServletRequest,javax.servlet.http.HttpServletResponse)	next()	java.sql.ResultSet	SOURCE
com.lbp.servletclasses.join	doPost(javax.servlet.http.HttpServletRequest,javax.servlet.http.HttpServletResponse)	setAttribute(java.lang.String,java.lang.Object)	javax.servlet.ServletRequest	SOURCE
com.lbp.servletclasses.join	doPost(javax.servlet.http.HttpServletRequest,javax.servlet.http.HttpServletResponse)	getRequestDispatcher(java.lang.String)	javax.servlet.ServletRequest	SOURCE
com.lbp.servletclasses.join	doPost(javax.servlet.http.HttpServletRequest,javax.servlet.http.HttpServletResponse)	forward(javax.servlet.ServletRequest,javax.servlet.ServletResponse)	javax.servlet.RequestDispatcher	SOURCE
com.lbp.servletclasses.join	doPost(javax.servlet.http.HttpServletRequest,javax.servlet.http.HttpServletResponse)	executeQuery(java.lang.String)	java.sql.Statement	SOURCE
com.lbp.servletclasses.join	doPost(javax.servlet.http.HttpServletRequest,javax.servlet.http.HttpServletResponse)	next()	java.sql.ResultSet	SOURCE
com.lbp.servletclasses.join	doPost(javax.servlet.http.HttpServletRequest,javax.servlet.http.HttpServletResponse)	parseInt(java.lang.String)	java.lang.Integer	SOURCE
com.lbp.servletclasses.join	doPost(javax.servlet.http.HttpServletRequest,javax.servlet.http.HttpServletResponse)	getString(int)	java.sql.ResultSet	SOURCE
com.lbp.servletclasses.join	doPost(javax.servlet.http.HttpServletRequest,javax.servlet.http.HttpServletResponse)	addBatch(java.lang.String)	java.sql.Statement	SOURCE
com.lbp.servletclasses.join	doPost(javax.servlet.http.HttpServletRequest,javax.servlet.http.HttpServletResponse)	addBatch(java.lang.String)	java.sql.Statement	SOURCE
com.lbp.servletclasses.join	doPost(javax.servlet.http.HttpServletRequest,javax.servlet.http.HttpServletResponse)	executeBatch()	java.sql.Statement	SOURCE
com.lbp.servletclasses.join	doPost(javax.servlet.http.HttpServletRequest,javax.servlet.http.HttpServletResponse)	setAttribute(java.lang.String,java.lang.Object)	javax.servlet.http.HttpSession	SOURCE
com.lbp.servletclasses.join	doPost(javax.servlet.http.HttpServletRequest,javax.servlet.http.HttpServletResponse)	sendRedirect(java.lang.String)	javax.servlet.http.HttpServletResponse	SOURCE
com.lbp.servletclasses.join	doPost(javax.servlet.http.HttpServletRequest,javax.servlet.http.HttpServletResponse)	setAttribute(java.lang.String,java.lang.Object)	javax.servlet.ServletRequest	SOURCE
com.lbp.servletclasses.join	doPost(javax.servlet.http.HttpServletRequest,javax.servlet.http.HttpServletResponse)	getRequestDispatcher(java.lang.String)	javax.servlet.ServletRequest	SOURCE
com.lbp.servletclasses.join	doPost(javax.servlet.http.HttpServletRequest,javax.servlet.http.HttpServletResponse)	forward(javax.servlet.ServletRequest,javax.servlet.ServletResponse)	javax.servlet.RequestDispatcher	SOURCE
com.lbp.servletclasses.join	doPost(javax.servlet.http.HttpServletRequest,javax.servlet.http.HttpServletResponse)	printStackTrace()	java.lang.Throwable	SOURCE
com.lbp.servletclasses.Contact	Contact()	HttpServlet()	javax.servlet.http.HttpServlet	SOURCE
com.lbp.servletclasses.Contact	doPost(javax.servlet.http.HttpServletRequest,javax.servlet.http.HttpServletResponse)	DBConnection()	com.lbp.jspclasses.DBConnection	SOURCE
com.lbp.servletclasses.Contact	doPost(javax.servlet.http.HttpServletRequest,javax.servlet.http.HttpServletResponse)	getConnection()	com.lbp.jspclasses.DBConnection	SOURCE
com.lbp.servletclasses.Contact	doPost(javax.servlet.http.HttpServletRequest,javax.servlet.http.HttpServletResponse)	getParameter(java.lang.String)	javax.servlet.ServletRequest	SOURCE
com.lbp.servletclasses.Contact	doPost(javax.servlet.http.HttpServletRequest,javax.servlet.http.HttpServletResponse)	sendRedirect(java.lang.String)	javax.servlet.http.HttpServletResponse	SOURCE
com.lbp.servletclasses.Contact	doPost(javax.servlet.http.HttpServletRequest,javax.servlet.http.HttpServletResponse)	getParameter(java.lang.String)	javax.servlet.ServletRequest	SOURCE
com.lbp.servletclasses.Contact	doPost(javax.servlet.http.HttpServletRequest,javax.servlet.http.HttpServletResponse)	getParameter(java.lang.String)	javax.servlet.ServletRequest	SOURCE
com.lbp.servletclasses.Contact	doPost(javax.servlet.http.HttpServletRequest,javax.servlet.http.HttpServletResponse)	getParameter(java.lang.String)	javax.servlet.ServletRequest	SOURCE
com.lbp.servletclasses.Contact	doPost(javax.servlet.http.HttpServletRequest,javax.servlet.http.HttpServletResponse)	createStatement()	java.sql.Connection	SOURCE
com.lbp.servletclasses.Contact	doPost(javax.servlet.http.HttpServletRequest,javax.servlet.http.HttpServletResponse)	executeUpdate(java.lang.String)	java.sql.Statement	SOURCE
com.lbp.servletclasses.Contact	doPost(javax.servlet.http.HttpServletRequest,javax.servlet.http.HttpServletResponse)	setAttribute(java.lang.String,java.lang.Object)	javax.servlet.ServletRequest	SOURCE
com.lbp.servletclasses.Contact	doPost(javax.servlet.http.HttpServletRequest,javax.servlet.http.HttpServletResponse)	getRequestDispatcher(java.lang.String)	javax.servlet.ServletRequest	SOURCE
com.lbp.servletclasses.Contact	doPost(javax.servlet.http.HttpServletRequest,javax.servlet.http.HttpServletResponse)	forward(javax.servlet.ServletRequest,javax.servlet.ServletResponse)	javax.servlet.RequestDispatcher	SOURCE
com.lbp.servletclasses.Contact	doPost(javax.servlet.http.HttpServletRequest,javax.servlet.http.HttpServletResponse)	printStackTrace()	java.lang.Throwable	SOURCE
com.lbp.servletclasses.Contact	doPost(javax.servlet.http.HttpServletRequest,javax.servlet.http.HttpServletResponse)	setAttribute(java.lang.String,java.lang.Object)	javax.servlet.ServletRequest	SOURCE
com.lbp.servletclasses.Contact	doPost(javax.servlet.http.HttpServletRequest,javax.servlet.http.HttpServletResponse)	getRequestDispatcher(java.lang.String)	javax.servlet.ServletRequest	SOURCE
com.lbp.servletclasses.Contact	doPost(javax.servlet.http.HttpServletRequest,javax.servlet.http.HttpServletResponse)	forward(javax.servlet.ServletRequest,javax.servlet.ServletResponse)	javax.servlet.RequestDispatcher	SOURCE
com.lbp.servletclasses.Login	Login()	HttpServlet()	javax.servlet.http.HttpServlet	SOURCE
com.lbp.servletclasses.Login	doPost(javax.servlet.http.HttpServletRequest,javax.servlet.http.HttpServletResponse)	setContentType(java.lang.String)	javax.servlet.ServletResponse	SOURCE
com.lbp.servletclasses.Login	doPost(javax.servlet.http.HttpServletRequest,javax.servlet.http.HttpServletResponse)	DBConnection()	com.lbp.jspclasses.DBConnection	SOURCE
com.lbp.servletclasses.Login	doPost(javax.servlet.http.HttpServletRequest,javax.servlet.http.HttpServletResponse)	getConnection()	com.lbp.jspclasses.DBConnection	SOURCE
com.lbp.servletclasses.Login	doPost(javax.servlet.http.HttpServletRequest,javax.servlet.http.HttpServletResponse)	newInstance()	java.lang.Class	SOURCE
com.lbp.servletclasses.Login	doPost(javax.servlet.http.HttpServletRequest,javax.servlet.http.HttpServletResponse)	forName(java.lang.String)	java.lang.Class	SOURCE
com.lbp.servletclasses.Login	doPost(javax.servlet.http.HttpServletRequest,javax.servlet.http.HttpServletResponse)	createStatement()	java.sql.Connection	SOURCE
com.lbp.servletclasses.Login	doPost(javax.servlet.http.HttpServletRequest,javax.servlet.http.HttpServletResponse)	getParameter(java.lang.String)	javax.servlet.ServletRequest	SOURCE
com.lbp.servletclasses.Login	doPost(javax.servlet.http.HttpServletRequest,javax.servlet.http.HttpServletResponse)	getParameter(java.lang.String)	javax.servlet.ServletRequest	SOURCE
com.lbp.servletclasses.Login	doPost(javax.servlet.http.HttpServletRequest,javax.servlet.http.HttpServletResponse)	executeQuery(java.lang.String)	java.sql.Statement	SOURCE
com.lbp.servletclasses.Login	doPost(javax.servlet.http.HttpServletRequest,javax.servlet.http.HttpServletResponse)	getSession()	javax.servlet.http.HttpServletRequest	SOURCE
com.lbp.servletclasses.Login	doPost(javax.servlet.http.HttpServletRequest,javax.servlet.http.HttpServletResponse)	removeAttribute(java.lang.String)	javax.servlet.http.HttpSession	SOURCE
com.lbp.servletclasses.Login	doPost(javax.servlet.http.HttpServletRequest,javax.servlet.http.HttpServletResponse)	removeAttribute(java.lang.String)	javax.servlet.http.HttpSession	SOURCE
com.lbp.servletclasses.Login	doPost(javax.servlet.http.HttpServletRequest,javax.servlet.http.HttpServletResponse)	next()	java.sql.ResultSet	SOURCE
com.lbp.servletclasses.Login	doPost(javax.servlet.http.HttpServletRequest,javax.servlet.http.HttpServletResponse)	executeQuery(java.lang.String)	java.sql.Statement	SOURCE
com.lbp.servletclasses.Login	doPost(javax.servlet.http.HttpServletRequest,javax.servlet.http.HttpServletResponse)	next()	java.sql.ResultSet	SOURCE
com.lbp.servletclasses.Login	doPost(javax.servlet.http.HttpServletRequest,javax.servlet.http.HttpServletResponse)	setAttribute(java.lang.String,java.lang.Object)	javax.servlet.http.HttpSession	SOURCE
com.lbp.servletclasses.Login	doPost(javax.servlet.http.HttpServletRequest,javax.servlet.http.HttpServletResponse)	setAttribute(java.lang.String,java.lang.Object)	javax.servlet.http.HttpSession	SOURCE
com.lbp.servletclasses.Login	doPost(javax.servlet.http.HttpServletRequest,javax.servlet.http.HttpServletResponse)	getString(int)	java.sql.ResultSet	SOURCE
com.lbp.servletclasses.Login	doPost(javax.servlet.http.HttpServletRequest,javax.servlet.http.HttpServletResponse)	getString(int)	java.sql.ResultSet	SOURCE
com.lbp.servletclasses.Login	doPost(javax.servlet.http.HttpServletRequest,javax.servlet.http.HttpServletResponse)	sendRedirect(java.lang.String)	javax.servlet.http.HttpServletResponse	SOURCE
com.lbp.servletclasses.Login	doPost(javax.servlet.http.HttpServletRequest,javax.servlet.http.HttpServletResponse)	setAttribute(java.lang.String,java.lang.Object)	javax.servlet.ServletRequest	SOURCE
com.lbp.servletclasses.Login	doPost(javax.servlet.http.HttpServletRequest,javax.servlet.http.HttpServletResponse)	getRequestDispatcher(java.lang.String)	javax.servlet.ServletRequest	SOURCE
com.lbp.servletclasses.Login	doPost(javax.servlet.http.HttpServletRequest,javax.servlet.http.HttpServletResponse)	forward(javax.servlet.ServletRequest,javax.servlet.ServletResponse)	javax.servlet.RequestDispatcher	SOURCE
com.lbp.servletclasses.Login	doPost(javax.servlet.http.HttpServletRequest,javax.servlet.http.HttpServletResponse)	setAttribute(java.lang.String,java.lang.Object)	javax.servlet.ServletRequest	SOURCE
com.lbp.servletclasses.Login	doPost(javax.servlet.http.HttpServletRequest,javax.servlet.http.HttpServletResponse)	getRequestDispatcher(java.lang.String)	javax.servlet.ServletRequest	SOURCE
com.lbp.servletclasses.Login	doPost(javax.servlet.http.HttpServletRequest,javax.servlet.http.HttpServletResponse)	forward(javax.servlet.ServletRequest,javax.servlet.ServletResponse)	javax.servlet.RequestDispatcher	SOURCE
com.lbp.servletclasses.Login	doPost(javax.servlet.http.HttpServletRequest,javax.servlet.http.HttpServletResponse)	printStackTrace()	java.lang.Throwable	SOURCE
com.lbp.servletclasses.Login	doPost(javax.servlet.http.HttpServletRequest,javax.servlet.http.HttpServletResponse)	setAttribute(java.lang.String,java.lang.Object)	javax.servlet.ServletRequest	SOURCE
com.lbp.servletclasses.Login	doPost(javax.servlet.http.HttpServletRequest,javax.servlet.http.HttpServletResponse)	getRequestDispatcher(java.lang.String)	javax.servlet.ServletRequest	SOURCE
com.lbp.servletclasses.Login	doPost(javax.servlet.http.HttpServletRequest,javax.servlet.http.HttpServletResponse)	forward(javax.servlet.ServletRequest,javax.servlet.ServletResponse)	javax.servlet.RequestDispatcher	SOURCE
com.lbp.servletclasses.Registration	Registration()	HttpServlet()	javax.servlet.http.HttpServlet	SOURCE
com.lbp.servletclasses.Registration	doPost(javax.servlet.http.HttpServletRequest,javax.servlet.http.HttpServletResponse)	DBConnection()	com.lbp.jspclasses.DBConnection	SOURCE
com.lbp.servletclasses.Registration	doPost(javax.servlet.http.HttpServletRequest,javax.servlet.http.HttpServletResponse)	getConnection()	com.lbp.jspclasses.DBConnection	SOURCE
com.lbp.servletclasses.Registration	doPost(javax.servlet.http.HttpServletRequest,javax.servlet.http.HttpServletResponse)	getParameter(java.lang.String)	javax.servlet.ServletRequest	SOURCE
com.lbp.servletclasses.Registration	doPost(javax.servlet.http.HttpServletRequest,javax.servlet.http.HttpServletResponse)	sendRedirect(java.lang.String)	javax.servlet.http.HttpServletResponse	SOURCE
com.lbp.servletclasses.Registration	doPost(javax.servlet.http.HttpServletRequest,javax.servlet.http.HttpServletResponse)	getParameter(java.lang.String)	javax.servlet.ServletRequest	SOURCE
com.lbp.servletclasses.Registration	doPost(javax.servlet.http.HttpServletRequest,javax.servlet.http.HttpServletResponse)	getParameter(java.lang.String)	javax.servlet.ServletRequest	SOURCE
com.lbp.servletclasses.Registration	doPost(javax.servlet.http.HttpServletRequest,javax.servlet.http.HttpServletResponse)	getParameter(java.lang.String)	javax.servlet.ServletRequest	SOURCE
com.lbp.servletclasses.Registration	doPost(javax.servlet.http.HttpServletRequest,javax.servlet.http.HttpServletResponse)	getParameter(java.lang.String)	javax.servlet.ServletRequest	SOURCE
com.lbp.servletclasses.Registration	doPost(javax.servlet.http.HttpServletRequest,javax.servlet.http.HttpServletResponse)	getParameter(java.lang.String)	javax.servlet.ServletRequest	SOURCE
com.lbp.servletclasses.Registration	doPost(javax.servlet.http.HttpServletRequest,javax.servlet.http.HttpServletResponse)	getParameter(java.lang.String)	javax.servlet.ServletRequest	SOURCE
com.lbp.servletclasses.Registration	doPost(javax.servlet.http.HttpServletRequest,javax.servlet.http.HttpServletResponse)	getParameter(java.lang.String)	javax.servlet.ServletRequest	SOURCE
com.lbp.servletclasses.Registration	doPost(javax.servlet.http.HttpServletRequest,javax.servlet.http.HttpServletResponse)	getParameter(java.lang.String)	javax.servlet.ServletRequest	SOURCE
com.lbp.servletclasses.Registration	doPost(javax.servlet.http.HttpServletRequest,javax.servlet.http.HttpServletResponse)	getParameter(java.lang.String)	javax.servlet.ServletRequest	SOURCE
com.lbp.servletclasses.Registration	doPost(javax.servlet.http.HttpServletRequest,javax.servlet.http.HttpServletResponse)	split(java.lang.String)	java.lang.String	SOURCE
com.lbp.servletclasses.Registration	doPost(javax.servlet.http.HttpServletRequest,javax.servlet.http.HttpServletResponse)	createStatement()	java.sql.Connection	SOURCE
com.lbp.servletclasses.Registration	doPost(javax.servlet.http.HttpServletRequest,javax.servlet.http.HttpServletResponse)	executeUpdate(java.lang.String)	java.sql.Statement	SOURCE
com.lbp.servletclasses.Registration	doPost(javax.servlet.http.HttpServletRequest,javax.servlet.http.HttpServletResponse)	sendRedirect(java.lang.String)	javax.servlet.http.HttpServletResponse	SOURCE
com.lbp.servletclasses.Registration	doPost(javax.servlet.http.HttpServletRequest,javax.servlet.http.HttpServletResponse)	printStackTrace()	java.lang.Throwable	SOURCE
com.lbp.servletclasses.Registration	doPost(javax.servlet.http.HttpServletRequest,javax.servlet.http.HttpServletResponse)	setAttribute(java.lang.String,java.lang.Object)	javax.servlet.ServletRequest	SOURCE
com.lbp.servletclasses.Registration	doPost(javax.servlet.http.HttpServletRequest,javax.servlet.http.HttpServletResponse)	getRequestDispatcher(java.lang.String)	javax.servlet.ServletRequest	SOURCE
com.lbp.servletclasses.Registration	doPost(javax.servlet.http.HttpServletRequest,javax.servlet.http.HttpServletResponse)	forward(javax.servlet.ServletRequest,javax.servlet.ServletResponse)	javax.servlet.RequestDispatcher	SOURCE
com.lbp.servletclasses.CreateGame	CreateGame()	HttpServlet()	javax.servlet.http.HttpServlet	SOURCE
com.lbp.servletclasses.CreateGame	doPost(javax.servlet.http.HttpServletRequest,javax.servlet.http.HttpServletResponse)	getParameter(java.lang.String)	javax.servlet.ServletRequest	SOURCE
com.lbp.servletclasses.CreateGame	doPost(javax.servlet.http.HttpServletRequest,javax.servlet.http.HttpServletResponse)	getParameter(java.lang.String)	javax.servlet.ServletRequest	SOURCE
com.lbp.servletclasses.CreateGame	doPost(javax.servlet.http.HttpServletRequest,javax.servlet.http.HttpServletResponse)	getParameter(java.lang.String)	javax.servlet.ServletRequest	SOURCE
com.lbp.servletclasses.CreateGame	doPost(javax.servlet.http.HttpServletRequest,javax.servlet.http.HttpServletResponse)	getParameter(java.lang.String)	javax.servlet.ServletRequest	SOURCE
com.lbp.servletclasses.CreateGame	doPost(javax.servlet.http.HttpServletRequest,javax.servlet.http.HttpServletResponse)	getSession()	javax.servlet.http.HttpServletRequest	SOURCE
com.lbp.servletclasses.CreateGame	doPost(javax.servlet.http.HttpServletRequest,javax.servlet.http.HttpServletResponse)	toString()	java.lang.Object	SOURCE
com.lbp.servletclasses.CreateGame	doPost(javax.servlet.http.HttpServletRequest,javax.servlet.http.HttpServletResponse)	getAttribute(java.lang.String)	javax.servlet.http.HttpSession	SOURCE
com.lbp.servletclasses.CreateGame	doPost(javax.servlet.http.HttpServletRequest,javax.servlet.http.HttpServletResponse)	DBConnection()	com.lbp.jspclasses.DBConnection	SOURCE
com.lbp.servletclasses.CreateGame	doPost(javax.servlet.http.HttpServletRequest,javax.servlet.http.HttpServletResponse)	getConnection()	com.lbp.jspclasses.DBConnection	SOURCE
com.lbp.servletclasses.CreateGame	doPost(javax.servlet.http.HttpServletRequest,javax.servlet.http.HttpServletResponse)	createStatement()	java.sql.Connection	SOURCE
com.lbp.servletclasses.CreateGame	doPost(javax.servlet.http.HttpServletRequest,javax.servlet.http.HttpServletResponse)	executeQuery(java.lang.String)	java.sql.Statement	SOURCE
com.lbp.servletclasses.CreateGame	doPost(javax.servlet.http.HttpServletRequest,javax.servlet.http.HttpServletResponse)	next()	java.sql.ResultSet	SOURCE
com.lbp.servletclasses.CreateGame	doPost(javax.servlet.http.HttpServletRequest,javax.servlet.http.HttpServletResponse)	setAttribute(java.lang.String,java.lang.Object)	javax.servlet.ServletRequest	SOURCE
com.lbp.servletclasses.CreateGame	doPost(javax.servlet.http.HttpServletRequest,javax.servlet.http.HttpServletResponse)	getRequestDispatcher(java.lang.String)	javax.servlet.ServletRequest	SOURCE
com.lbp.servletclasses.CreateGame	doPost(javax.servlet.http.HttpServletRequest,javax.servlet.http.HttpServletResponse)	forward(javax.servlet.ServletRequest,javax.servlet.ServletResponse)	javax.servlet.RequestDispatcher	SOURCE
com.lbp.servletclasses.CreateGame	doPost(javax.servlet.http.HttpServletRequest,javax.servlet.http.HttpServletResponse)	addBatch(java.lang.String)	java.sql.Statement	SOURCE
com.lbp.servletclasses.CreateGame	doPost(javax.servlet.http.HttpServletRequest,javax.servlet.http.HttpServletResponse)	executeBatch()	java.sql.Statement	SOURCE
com.lbp.servletclasses.CreateGame	doPost(javax.servlet.http.HttpServletRequest,javax.servlet.http.HttpServletResponse)	setAttribute(java.lang.String,java.lang.Object)	javax.servlet.http.HttpSession	SOURCE
com.lbp.servletclasses.CreateGame	doPost(javax.servlet.http.HttpServletRequest,javax.servlet.http.HttpServletResponse)	setAttribute(java.lang.String,java.lang.Object)	javax.servlet.http.HttpSession	SOURCE
com.lbp.servletclasses.CreateGame	doPost(javax.servlet.http.HttpServletRequest,javax.servlet.http.HttpServletResponse)	sendRedirect(java.lang.String)	javax.servlet.http.HttpServletResponse	SOURCE
com.lbp.servletclasses.CreateGame	doPost(javax.servlet.http.HttpServletRequest,javax.servlet.http.HttpServletResponse)	printStackTrace()	java.lang.Throwable	SOURCE
com.lbp.servletclasses.CreateGame	doPost(javax.servlet.http.HttpServletRequest,javax.servlet.http.HttpServletResponse)	setAttribute(java.lang.String,java.lang.Object)	javax.servlet.ServletRequest	SOURCE
com.lbp.servletclasses.CreateGame	doPost(javax.servlet.http.HttpServletRequest,javax.servlet.http.HttpServletResponse)	getRequestDispatcher(java.lang.String)	javax.servlet.ServletRequest	SOURCE
com.lbp.servletclasses.CreateGame	doPost(javax.servlet.http.HttpServletRequest,javax.servlet.http.HttpServletResponse)	forward(javax.servlet.ServletRequest,javax.servlet.ServletResponse)	javax.servlet.RequestDispatcher	SOURCE
